id,path
"test","M -1.0334638,1.4927187 C -0.65271395,1.3839331 1.5773921,0.89439761 1.5773921,0.45925497 1.5773921,0.02411234 0.27196415,0.24168365 0.05439283,-0.57420879 -0.16317849,-1.3901012 -1.1422494,-0.79178011 -1.1422494,-0.79178011 l 0.48953545,0.76149962 c 0,0 -2.66524865,0.05439283 -2.33889165,0.27196414 0.326357,0.21757132 2.28449882,0.38074981 2.0669275,0.43514264 -0.2175713,0.0543928 -0.9246781,0.27196415 -0.9246781,0.27196415 z"
